,VS0,VS1
VS0,0.9761181860331919,0.023881813966808108
VS1,0.05036000074312054,0.9496399992568794
