,VS0,VS1
VS0,0.9255247020342626,0.07447529796573728
VS1,0.028369258254446493,0.9716307417455535
