,VS0,VS1
VS0,0.961574284961181,0.03842571503881898
VS1,0.011452269751510662,0.9885477302484893
