,VS0,VS1
VS0,0.9936000110149217,0.006399988985078326
VS1,0.007140879849912573,0.9928591201500874
