,VS0,VS1
VS0,0.9843275858009803,0.01567241419901961
VS1,0.01350858691784318,0.9864914130821568
