,VS0,VS1
VS0,0.9508177056533645,0.049182294346635395
VS1,0.063684254571651,0.936315745428349
