,VS0,VS1
VS0,0.9851685161118328,0.014831483888167187
VS1,0.011007781804499421,0.9889922181955006
