,VS0,VS1
VS0,0.9729474794184257,0.027052520581574264
VS1,0.023953533899003784,0.9760464661009963
